<?xml version="1.0" encoding="UTF-8" standalone="yes"?>
<addon id="plugin.programas.wizardale" name="Actualizaciones" version="1.0.0" provider-name="Aljota">
  <requires>
    <import addon="xbmc.python" version="2.1.0"/>
  </requires>
  <extension point="xbmc.python.pluginsource" library="default.py">
        <provides>executable</provides>
  </extension>
  <extension point="xbmc.addon.metadata">
    <summary lang="es">Actualizaciones</summary>
    <description lang="es">descarga las ultimas Roms para tu equipo:). </description>
    <platform>all</platform>
  </extension>
</addon>
