<?xml version="1.0" encoding="UTF-8" standalone="yes"?>
<addon id="script.rawmaintenance"
       name="Mantenciones"
       version="0.1.11"
       provider-name="Foreverska|Gombeek|Raw Media">
  <requires>
    <import addon="xbmc.python" version="2.1.0"/>
  </requires>
  <extension point="xbmc.python.pluginsource" library="default.py">
        <provides>executable</provides>
  </extension>
  <extension point="xbmc.addon.metadata">
    <platform>all</platform>
    <summary>By aljota</summary>
    <description>
	Manten tu systema simpre limpio para un mejor funcionamiento.
    </description>
    <language></language>
    <license></license>
    <source></source>
    <forum></forum>
    <website></website>
  </extension>
</addon>
